U_Net,nll+iou,2,400,5,512,2,1,1,,1,0.7473061908559889,0.8886547338527434,0.9059487534993359,0.9401196379129667,0.8096000292733022,0.661856374676336,0.9242124238770143,0.4708661390427845,0.7551184571088756,0.8491963830300371,0.738355115329278
U_Net,nll+iou,2,400,5,512,2,1,1,,2,0.6240244843907604,0.8824558763773003,0.5270075141589673,0.628129160715445,0.5696913907549562,0.8239241079040048,0.957803898136327,0.882524789861803,0.9353570448932453,0.9763449868345632,0.7818341399003597
SEU_Net,nll,2,400,5,32,2,2.0,1.5,,1,0.8547298746008366,0.87962349705171,0.8856687929770041,0.9293572882523716,0.9149053928878658,0.8946920863349135,0.9214278702759157,0.8473616454935077,0.7514208146034512,0.7768765607772407,0.7459647973543858
U_Net,nll+iou,2,400,5,512,2,1,1,,3,0.7697588606135075,0.9310184960832819,0.7974376073061812,0.6247830567131193,0.8842661816013114,0.9573273290240094,0.8286144949995927,0.8585144450278346,0.8602389834745855,0.7793643862117937,0.8008066824064857
SEU_Net,nll,2,400,5,32,2,2.0,1.5,,2,0.7563410081453065,0.8992636499252495,0.6124177084299119,0.7200869471011795,0.6502769180244579,0.8421392901340445,0.9721507211225572,0.9027803470200078,0.9037620301782118,0.9608640839875547,0.7120860939598017
U_Net,nll+iou,2,400,5,512,2,1,1,,4,0.7597254918269156,0.7715359021357108,0.9253165064888844,0.697230645439377,0.778732810907118,0.9420893368879922,0.944113352505349,0.6231062912306992,0.8298427609678604,0.7955400073542007,0.9128535955826631
U_Net,nll+iou,2,400,5,512,2,1,1,,5,0.5499956338298193,0.8374466844737827,0.8321678227547917,0.8742182247600505,0.7544903538479157,0.7307003787656172,0.6242973156697417,0.7410674048790156,0.7298654688170195,0.41138947793587516,0.6289038796174289
SEU_Net,nll,2,400,5,32,2,2.0,1.5,,4,0.7728035311945738,0.7947685945164423,0.9374294226142748,0.623644358687142,0.7773325857733058,0.9345687707301535,0.946814388231831,0.7997675291976872,0.8142856017766715,0.8217565850369761,0.9013118340683954
SEU_Net,nll,2,400,5,32,2,2.0,1.5,,3,0.8429423971040422,0.9306355048913125,0.7939346544341406,0.7055174060931497,0.9146675599507808,0.9562558938942087,0.7901477032437264,0.8595380881921512,0.8559086330311064,0.7824856996936979,0.8403328276161477
U_Net,l1,2,400,5,32,2,2.0,1.5,,1,0.7531870381892577,0.8872828238705779,0.8777212982091388,0.9218904847841077,0.8741113682626976,0.7225864736489861,0.8861063636040761,0.531390153603019,0.7458432499407668,0.8817674135020854,0.7345609060701394
U_Net,l1,2,400,5,32,2,2.0,1.5,,2,0.6061153172272451,0.8427602039767539,0.6193131114842566,0.5450904978581803,0.643977972328572,0.83814517873042,0.958530772567106,0.8855789029711172,0.9198829202201239,0.9422180415093911,0.6740371522975384
SEU_Net,nll,2,400,5,32,2,2.0,1.5,,5,0.7244545247691212,0.8818472722909926,0.939633604364804,0.9205134058648109,0.8092833585202439,0.7657843099445792,0.7776799897626584,0.674792741915308,0.8021292343355307,0.23912279716805981,0.6728813306922844
U_Net,iou,2,400,5,32,2,2.0,1.0,,4,0.6555256608370735,0.7180276037351591,0.5490628610865274,0.8089189481570892,0.9643629187696049,0.9528044854923828,0.6969787471165672,0.7156721989302518,0.7787783303051733,0.5676963464658873,0.9197133758645072
AttU_Net,nll,2,400,5,32,2,2.0,1.5,,2,0.7862177522645772,0.9001675207532559,0.5084781655248722,0.7313037281135858,0.7496903293154661,0.904868963432815,0.9579684077205962,0.8728494000247944,0.9350954663199462,0.9752476674098327,0.8349860395554805
AttU_Net,nll,2,400,5,32,2,2.0,1.5,,3,0.8329701732250474,0.9266590816808218,0.7807559805357879,0.7025551731451506,0.8546861489696124,0.9557802735449462,0.8988147747185709,0.8209803077317464,0.8506559906064748,0.7658813641308645,0.7729326371864984
AttU_Net,nll,2,400,5,32,2,2.0,1.5,,1,0.716229891060967,0.885935943479439,0.8294679405382861,0.9443620035919897,0.8186701167418248,0.6926353712409625,0.8601805694632859,0.6316972526966198,0.6883362392091877,0.7144794449485824,0.7282312813961109
AttU_Net,nll,2,400,5,32,2,2.0,1.5,,4,0.8330678385416753,0.7537740501487898,0.9117786628446519,0.669898429357971,0.8530291827466786,0.931004247500206,0.9481648002509395,0.7371341971754279,0.7996027427739472,0.8159387186318596,0.9103533539862806
AttU_Net,nll,2,400,5,32,2,2.0,1.5,,5,0.6199928783152323,0.854983715554065,0.8130115906403186,0.8745268463466623,0.7288005715604882,0.6497929602955542,0.7100146948238062,0.73504990144763,0.7780047037016975,0.3469737984470886,0.7055367590776562
U_Net,nll,2,256,5,512,2,1,1,,1,0.4567922537210719,0.40810341111460924,0.866540638426966,0.6701215655412844,0.8487294097258311,0.4579731267804654,0.8591261915937446,0.21804127059201,0.6653715407725866,0.41686349747253254,0.6580331911503061
U_Net,nll+ssim,2,400,5,32,2,1,1,,5,0.7227844027347181,0.8673844306932879,0.8430208290978283,0.9017091079416524,0.8192614547201669,0.7463229095113839,0.7416168884054914,0.7313476596397402,0.3192718462351939,0.7645522416116912,0.8126285057259375
U_Net,nll+ssim+iou,2,400,5,512,2,1,1,,5,0.7127955545799776,0.8669728387891059,0.8086696639720311,0.8854755878938929,0.7826484698853553,0.7431857317157161,0.7717125110906322,0.669417842260562,0.34934285641173857,0.7821748243958396,0.8176980757966403
CBAMU_Net,nll,2,400,5,32,2,2.0,1.5,,5,0.6609105402397697,0.8498769805735342,0.9387818956592809,0.8559033336012325,0.8139692316833044,0.833514403102878,0.8140582825304714,0.6287133668518434,0.36167480346271264,0.8104443561336364,0.6925569191133597
U_Net,nll,2,256,5,512,2,1,1,,4,0.3295836609613599,0.4541588180183648,0.8996695003240316,0.3775574042046615,0.0842435824377153,0.7914762818882335,0.7652641651837999,0.6131705801579207,0.48311696916290886,0.6328173903562835,0.8394266622175337
U_Net,nll,2,256,5,512,2,1,1,,2,0.30778502164980687,0.4496350342481539,0.6200802626672658,0.24916710865529854,0.3670565469575161,0.19485969097023048,0.7661258908283555,0.6947215586651514,0.8099552205559115,0.8070475464486501,0.3223411307126213
U_Net,nll,2,256,5,512,2,1,1,,3,0.23935474643698748,0.8619624131608126,0.5483339611280518,0.08010562156687742,0.46241050494068714,0.880733485115051,0.20589510835926073,0.5656911833154343,0.45506566839343016,0.6508515660940112,0.4922457834272054
U_Net,nll,2,256,5,512,2,1,1,,5,0.22033679193384342,0.5774486175570687,0.562621999962564,0.6985699000519421,0.2885464481658282,0.5501634405406229,0.3377576070949921,0.3962325170226967,0.793623965770322,0.34605811160534206,0.7111740535161704
U_Net,nll,2,400,5,32,2,2.0,1.5,,4,0.751309528116547,0.7593555702681779,0.8739490281877225,0.6294585317661439,0.8527950992214935,0.933905922830208,0.9505130099642886,0.6822742415291093,0.7958589918865955,0.7485678763591721,0.9158755409187035
U_Net,nll+ssim,2,400,5,32,2,1,1,,1,0.75885381329937,0.8968528530445989,0.8767235490996259,0.8646625317897414,0.781951773167804,0.931304711331042,0.73078110046541,0.8494354052671168,0.8983642299888497,0.21654605125919713,0.7584619788395109
U_Net,nll+ssim+iou,2,400,5,512,2,1,1,,1,0.7523452732176518,0.8820991602575853,0.877127317386618,0.8297564637103958,0.7331785404003279,0.9414621542906507,0.7396174215343887,0.9177823813803969,0.8809054905738153,0.5939349831832875,0.7215238026423388
U_Net,iou,2,400,5,32,2,2.0,1.0,,1,0.6381415731820166,0.8814324545246423,0.8594350080186401,0.7177815008215166,0.6086482430461154,0.9058080299806764,0.7138045719060346,0.682647938462393,0.8969148743001533,0.6043365088646037,0.7235913538061083
CBAMU_Net,nll,2,400,5,32,2,2.0,1.5,,1,0.7519682503796749,0.859772039582408,0.8716595683812162,0.8556688511758056,0.8461920811360012,0.9149818467324013,0.6760863853876575,0.9129779127775776,0.8482367244290284,0.5044032388529194,0.734107094194653
U_Net,nll,2,400,5,32,2,2.0,1.5,,5,0.691902000813548,0.889158316879099,0.8215418765398348,0.8885128235051476,0.7175072104153883,0.7101106423212269,0.6564914170996449,0.7320113357274133,0.7419362922875984,0.3651150722054975,0.7617500933601279
CBAMU_Net,nll,2,400,5,32,2,2.0,1.5,,2,0.0,0.10884652712586157,0.021676181098307663,0.05852410725115958,0.23651283921311167,0.42039835432580647,0.28126548934594325,0.19754554816399753,0.12905560983693565,0.0641880002177059,0.41145601904964546
U_Net,nll+ssim,2,400,5,32,2,1,1,,2,0.7789282517985829,0.8831753781120318,0.7698151079426083,0.6999803437646785,0.9702508924988413,0.9273251192567721,0.534764485286212,0.9692527573387811,0.8027045879833627,0.8795583537744165,0.8872199773143372
U_Net,nll+ssim+iou,2,400,5,512,2,1,1,,2,0.6899563518399644,0.8887477996172425,0.6906423566632961,0.5884182481969382,0.9387297445301394,0.9303868331114227,0.567432213350705,0.9422524399152233,0.777746046654563,0.8408388784379358,0.8902194194698207
U_Net,iou,2,400,5,32,2,2.0,1.0,,2,0.44580524403241484,0.7592163325332871,0.30436978871430626,0.43247247019737406,0.7220951787047204,0.7127159615453319,0.365891660023863,0.7512689667577039,0.652013167713538,0.5002393788397044,0.860742833069567
CBAMU_Net,nll,2,400,5,32,2,2.0,1.5,,3,0.0,0.01295406435223015,0.0,0.0,0.0,0.0,0.0,0.0,0.0,0.0,0.0
U_Net,nll+ssim,2,400,5,32,2,1,1,,3,0.841723157923583,0.827528181866959,0.859840887480378,0.9525936679318983,0.8700876622564625,0.8437080226945223,0.7828812275897692,0.7781169606524749,0.6696028808660105,0.8994411809758401,0.933430906921515
U_Net,nll+ssim+iou,2,400,5,512,2,1,1,,3,0.7713093547391598,0.8063175766232542,0.8722718262106003,0.9593321877137302,0.8704470788925025,0.831983330883687,0.7584701369070744,0.7896887253673913,0.5740640254265945,0.8944567727428566,0.9301259120505029
U_Net,iou,2,400,5,32,2,2.0,1.0,,3,0.6431913922243204,0.7282801118517276,0.7486177364380325,0.9523075853295226,0.7293583399237704,0.8430144712946334,0.7849749079881135,0.7254782601166961,0.5997716579672085,0.6182880317509761,0.9198825093007081
CBAMU_Net,nll,2,400,5,32,2,2.0,1.5,,4,0.0,0.0,0.0,0.0,0.0,0.0,0.0,0.0,0.0,0.0,0.0
U_Net,nll+ssim,2,400,5,32,2,1,1,,4,0.6790692080873189,0.7541643201020347,0.6298652355522337,0.7848707921148541,0.9117550771007161,0.9504422761604605,0.502511088451343,0.7968865580708269,0.8057988681002366,0.8772460599803792,0.9095281292436813
U_Net,nll+ssim+iou,2,400,5,512,2,1,1,,4,0.7516804681038526,0.7668761177130785,0.6128956660033311,0.7789161380419133,0.9129061256936837,0.952383100047979,0.6617417333542867,0.8058393465842657,0.8323052825916217,0.8946801920831445,0.9111566449285529
U_Net,nll,2,400,5,32,2,2.0,1.5,,1,0.6647244182255283,0.8838211098195331,0.8553575669819912,0.9115419031560545,0.8542531339991587,0.6496454560217227,0.8808632179721905,0.6017646188685927,0.6726215299390297,0.8888589418416148,0.6999267785457114
CBAMU_Net,nll,2,400,5,32,2,2.0,1.5,,4,0.8355053837379985,0.7694125221451623,0.7354384006564565,0.8119501361203268,0.9374127905305395,0.949514426439708,0.7778253700430283,0.7351882175182627,0.8097613426072477,0.9345952429012038,0.8939553884180506
BAMU_Net,nll,2,400,5,32,2,2.0,1.0,,1,0.84702546855696,0.8874267583429458,0.9289945159925685,0.9388623834768722,0.8872837953019397,0.7926364395927462,0.8821255086947888,0.8138339680157327,0.7334856090761647,0.861965061624169,0.7436406454516714
U_Net,nll,2,400,5,32,2,2.0,1.5,,2,0.7964088461711901,0.8849485664744886,0.5572006073462643,0.8143303575061603,0.7541797604864529,0.9134801772973931,0.9506804886687753,0.8940905621673718,0.9417985751570778,0.9736694022245314,0.83691057172965
BAMU_Net,nll,2,400,5,32,2,2.0,1.0,,2,0.6092908917399782,0.8846740517784393,0.5669120782992997,0.513646463026374,0.5543160730150531,0.7825226889208462,0.9651288050288217,0.8997994022202291,0.9219069432305099,0.8647435146985558,0.7741335115223807
U_Net,nll,2,512,5,32,2,1,1,,4,0.3974601543124738,0.44126933809862257,0.34882688520326105,0.08530967431047215,0.797543931533345,0.7661161820298097,0.5131262858543199,0.4382684572108478,0.6612435976346679,0.9112652179902776,0.8384326139366377
UNet,nll,2,400,3,32,2,1,1,,1,0.3885394748916179,0.8417448989533615,0.7985195129410101,0.6183621022739811,0.48605607577372667,0.8417298042554812,0.696517372294594,0.5284349560765229,0.634993126508501,0.34582538806814284,0.7068831604717324
U_Net,nll,2,512,5,32,2,1,1,,1,0.4560053401408351,0.4009184411524415,0.8123531827252245,0.8707499783464107,0.5750383724177357,0.6968970746114778,0.6837939441449971,0.4325155052131345,0.8304196402271591,0.23039722095728196,0.6658395813530824
U_Net,nll,2,512,5,32,2,1,1,,2,0.39620374973635414,0.5823315272598398,0.6688418446651928,0.48314034735590206,0.8448189912532377,0.8405765481151917,0.5815775178194647,0.8552848729487342,0.3655573858333564,0.2192008571567057,0.752515240381185
U_Net,nll,2,512,5,32,2,1,1,,3,0.1729175202049012,0.40912119264087193,0.4842657756351171,0.8694231759390552,0.5575291930452015,0.45714035557453386,0.5943610318847662,0.557684132596336,0.08763414419337723,0.2589312520430801,0.8597520261099569
U_Net,nll,2,512,5,32,2,1,1,,5,0.2942350127782092,0.5438604267931845,0.6552941059979899,0.7619028664990553,0.2754092193666546,0.6016018210530771,0.33698025326268227,0.39481333340641567,0.3535655005462179,0.8098975409349255,0.715255614350121
U_Net,nll,2,400,5,32,2,2.0,1.5,,3,0.7845738124393923,0.9356755507233907,0.8407650754279191,0.5864067573338266,0.883652683132758,0.9511164073816244,0.9036869410484965,0.8694256922807954,0.8532394412230218,0.8155356420888377,0.792640691087079
BAMU_Net,nll,2,400,5,32,2,2.0,1.0,,3,0.8534803828577877,0.9361738167592546,0.8638348162373403,0.6877714997862637,0.9040476246727014,0.9582733562286804,0.8837066438849317,0.8393156018713516,0.840966235721186,0.7691519608573412,0.851562272558825
UNet,nll,2,400,3,32,2,1,1,,2,0.0,1.1747568253351837e-05,8.61230008691006e-06,0.00015020639806839965,2.9401985008179417e-05,0.00020202158549274251,1.9505534695462796e-05,2.9390133230470694e-05,3.303062145046436e-05,4.908677260862244e-05,9.605527428797905e-05
CBAMU_Net,nll,2,400,5,32,2,2.0,1.5,,2,0.7491423841774736,0.8890313772698644,0.6799065420505204,0.7295705687917321,0.87821877167401,0.8438362509840619,0.544680681946263,0.9609944283714745,0.79110212930374,0.832975490114497,0.8857882832148367
UNet,nll,2,400,3,32,2,1,1,,2,0.3061425327441317,0.5866274274849073,0.1550365028432894,0.5234294613304004,0.8011227849990367,0.7158832621145544,0.24743459716818986,0.7529110873305783,0.46924821500672,0.5407622139551037,0.7915081929971481
UNet,nll,2,400,3,32,2,1,1,,4,0.5541924548301587,0.5002912148751703,0.4006540915261742,0.7389158037952184,0.8000721041343936,0.8485840446209745,0.6610151130273092,0.6369564496063485,0.7866136575493187,0.8239362270010623,0.8827875981733097
UNet,nll,2,400,3,32,2,1,1,,3,0.5338647232129919,0.5989973336424576,0.7763177761988439,0.9022906719153839,0.7408810395111411,0.5233858497717268,0.7038607522324585,0.6800594764706605,0.6589750588577294,0.5049590510636162,0.876262456943703
UNet,nll,2,400,3,32,2,1,1,,5,0.30685667741255357,0.8686800803121865,0.6951210387162989,0.7962183993628743,0.5607611075375503,0.38173016991538206,0.5133858616319057,0.5484571973675753,0.186121551645105,0.7085472557341761,0.6060144814068543
U_Net,iou,2,400,5,32,2,2.0,1.0,,5,0.46193506371913334,0.7692189444927608,0.6555914332436449,0.8661910139763694,0.835212164928532,0.8019307928696947,0.6168365256752082,0.6912062876803309,0.4737849172914074,0.552456943722617,0.3064705442247514
CBAMU_Net,nll,2,400,5,32,2,2.0,1.5,,3,0.756747850458997,0.7780696915197878,0.8804835726796222,0.9524222713545665,0.7441372192224487,0.8230123090590411,0.784227789069061,0.7945885355793654,0.5466216514926858,0.8728475395703506,0.937689576535727
BAMU_Net,nll,2,400,5,32,2,2.0,1.0,,4,0.7685046732390244,0.8018789061325856,0.9084093569140465,0.7032944071182237,0.8018406921217128,0.9688664223821714,0.9506709807898269,0.5947652341891352,0.8361823284473306,0.8192367523503451,0.8946668861340016
BAMU_Net,nll,2,400,5,32,2,2.0,1.0,,5,0.7289803808591311,0.86039100459031,0.8896490781004195,0.89312064919408,0.7722031330806691,0.7936689891329152,0.771775778082212,0.744793078799162,0.7978677271107482,0.3433161176197742,0.7663343705007943
U_Net,l1,2,400,5,32,2,2.0,1.5,,5,0.715822518365246,0.8413114898140348,0.848757320338054,0.9070602010449201,0.7922178742609799,0.7429463416354098,0.7190619396941444,0.7364821460414239,0.7693703265637929,0.3443216998827092,0.801017544259699
U_Net,ssim,2,400,5,32,2,1,1,,1,0.7075819193225699,0.8708192788809673,0.8315001688047985,0.7880953614672768,0.6821011492672086,0.9362195463366891,0.7688066439227417,0.8071071608684955,0.6555241687671501,0.5299158920784108,0.7356457149103707
UNet,nll,2,400,4,32,2,1,1,,4,0.7361527572892744,0.7042679341193173,0.8835890534483495,0.6383492200443409,0.7923144973350748,0.9139429148618654,0.9524982595746383,0.6508846777468957,0.7398343740697665,0.806900198805517,0.917295662931321
U_Net,l1,2,400,5,32,2,2.0,1.5,,4,0.8279704639209701,0.7786127895562274,0.9232641162223296,0.6968228023160237,0.8009980907819116,0.9300813394112137,0.940665948881888,0.6836644622776334,0.7965834678709773,0.8224403533719142,0.9065712685195828
UNet,nll,2,400,4,32,2,1,1,,5,0.5458403957817095,0.837668586137408,0.7479642970864799,0.876986920449073,0.8326304501915549,0.7405633073654958,0.6217530928609591,0.6943201772482509,0.7282702193388324,0.4038059784517592,0.6493101259419969
U_Net,ssim,2,400,5,32,2,1,1,,2,0.6860739721201825,0.8678562386167026,0.5808602667257612,0.7337698753040393,0.8939984938452088,0.8486121218100718,0.39874465964366806,0.9313067578179078,0.7886717811629188,0.8967185127062656,0.8998059399387094
UNet,nll,2,400,5,16,2,1,1,,1,0.7290388200113058,0.8826745003378398,0.8569666873205802,0.9114612300635758,0.8077048815349959,0.8027748190869226,0.830331568917709,0.7701318426673369,0.6126104185003579,0.7378367354625668,0.6905059347215301
UNet,nll,2,400,4,32,2,1,1,,1,0.6271696238132115,0.8511242291454751,0.8352884697892031,0.871120981922043,0.6801136327415067,0.6917699509808579,0.836590582310016,0.3496416173209042,0.5861781736359398,0.8188766160977037,0.6868117751453097
UNet,nll,2,400,5,16,2,1,1,,2,0.6193994315619501,0.8407133521247923,0.444143593178726,0.5835391358486653,0.5648979146064363,0.8525741776184961,0.9412592120663797,0.8953475487366258,0.9330194198392381,0.9653315728918824,0.7657490323420867
UNet,nll,2,400,4,32,2,1,1,,2,0.6466601806217392,0.8365429812679488,0.6071298186716785,0.4973420599777873,0.6986051364030287,0.8275923108669867,0.8999424643515114,0.8900811516430176,0.7006955706121479,0.9159627131883288,0.6971794778844218
U_Net,ssim,2,400,5,32,2,1,1,,3,0.7654817594387555,0.8115994214624186,0.8706230407647719,0.9468969658185107,0.7838115239351613,0.8523842093206764,0.7717296205420597,0.7746950819669144,0.6350800363374262,0.9055575779866759,0.9375201525903663
UNet,nll,2,400,5,16,2,1,1,,3,0.7537873317121384,0.9292777668409228,0.700225554178504,0.6046911602995115,0.8561341688516012,0.9414631147290454,0.8945529937043823,0.8161133692390424,0.8506317180269332,0.7920139101060524,0.7574607214449
UNet,nll,2,400,4,32,2,1,1,,3,0.744840116291261,0.915410241628368,0.732498477861713,0.5638847774102654,0.86406259393454,0.9533434428111507,0.8777599141443829,0.7939781799379052,0.8040541754051461,0.7338789868796199,0.773415150309784
U_Net,l1,2,400,5,32,2,2.0,1.5,,3,0.7682861875778892,0.9296028180401327,0.803367688291568,0.5920882371057261,0.8617119888320603,0.9527537667561989,0.8962831341412582,0.820265866816868,0.8444136039015971,0.7615398587866062,0.8129231502126018
UNet,nll,2,400,5,16,2,1,1,,4,0.7474875613994076,0.7643960807118665,0.8967720911911029,0.606685424751735,0.7553013976776363,0.8927936658435829,0.9411788581013846,0.7391645706564504,0.8177093358977766,0.7735528269538874,0.8940067869603882
U_Net,ssim,2,400,5,32,2,1,1,,4,0.6785907890826409,0.6791619609718252,0.6262110151169655,0.7910790615506289,0.9053397718223597,0.9405593496433593,0.48021253305992745,0.8195225865617797,0.8116749867951465,0.9282205298718056,0.9103496436095032
UNet,nll,2,400,5,16,2,1,1,,5,0.6187656330106605,0.8191494416721198,0.7828616484742263,0.9033147550599036,0.7478870500185264,0.8171668728000675,0.6606991769858332,0.7147541264288224,0.7418232586671064,0.3391528211327344,0.647166920548276
UNet,nll,2,400,3,32,2,1,1,,5,0.37442700561186626,0.8347747340914727,0.6837326159549233,0.792631733403725,0.7307990800163157,0.5939672152909379,0.6041563918843325,0.6340859773094921,0.29183998346335505,0.7023318926522263,0.6214793745953601
UNet,nll,2,400,5,48,2,1,1,,5,0.6268434173408506,0.8539481043437921,0.8357609126516887,0.8972029481907711,0.7506341001679522,0.7073901327019377,0.7343643759341835,0.5533628659616059,0.29167354980326266,0.7602292388816582,0.7289043605365229
UNet,nll,2,400,5,48,2,1,1,,1,0.8135698198928196,0.8634571112047332,0.888524169256878,0.8372756183919537,0.6874737943484447,0.9264136990658937,0.6507004244237832,0.7885249919493418,0.8857935790595687,0.8935765007484859,0.7139583104791128
UNet,nll,2,400,5,48,2,1,1,,4,0.8218030990455544,0.7463684267680001,0.6771471867062945,0.9105118820635612,0.9471404229959334,0.7033973183133052,0.8229505584575335,0.7541199292914165,0.9258551207876591,0.8211066438046382,0.9094335012672012
UNet,nll,2,400,5,48,2,1,1,,3,0.8429887416827079,0.8246819945469417,0.8841922235777554,0.9569045608629265,0.847223357312637,0.8276544298780666,0.7107654788110226,0.8023969325873643,0.7700503977495554,0.8867367633070995,0.9192812781937088
U_Net,ssim,2,400,5,32,2,1,1,,5,0.6113464892896048,0.8410458395272064,0.8454903087370188,0.9048008468652969,0.6858359375281576,0.6706959825230674,0.577131500415764,0.6950388933854907,0.18591170134567003,0.8185774105209414,0.6519796738088688
UNet,nll,2,400,5,48,2,1,1,,2,0.7534627256793555,0.8531831841485225,0.74953948964923,0.647109425608463,0.9281005450080884,0.9382094538028474,0.6502610505670511,0.9282529428541744,0.7570283790847173,0.8494996629713326,0.8805525487075906
UNet,nll,2,400,5,32,2,1,1,0,5,0.6086526884433184,0.8401495072466789,0.8287112826456077,0.8922766533966009,0.7233229649396883,0.6974518225601725,0.6287968117143611,0.6915842251483213,0.7416610738930505,0.3694614656528062,0.6713693546030645
UNet,nll,2,400,5,32,2,1,1,3,1,0.6747660315375121,0.8573155369220549,0.8391082700295176,0.9355758954790581,0.8645826050974768,0.5952936136620494,0.9087819252205195,0.3088015300745625,0.7205817401130377,0.8976131067746975,0.7241012357387601
UNet,nll,2,400,5,32,2,1,1,0,1,0.6018499077601931,0.8628090047234052,0.8611708977562806,0.9360787841314088,0.8860571445564612,0.6166065316651541,0.8466823848399623,0.41674256125513887,0.6895412842162947,0.936159577378119,0.6315174633321677
UNet,nll,2,400,5,32,2,1,1,3,3,0.8184065402997496,0.9268249277776345,0.7588091501896324,0.650532783562374,0.8623018817748199,0.9594875120499968,0.8875376284239829,0.8182570591996698,0.8039585910537025,0.7442539104522915,0.7721019585133896
UNet,nll,2,400,5,32,2,1,1,0,3,0.8362886270292208,0.9241813926415307,0.8329807341107485,0.6754593129318367,0.8777330193439223,0.9539654788325368,0.8849099162926477,0.8663704920376037,0.8178550582465559,0.7386971570693787,0.7907337087854472
UNet,nll,2,400,5,32,2,1,1,2,1,0.7520540799427822,0.8598484230488873,0.8527405213479807,0.8569810149287307,0.673100685367374,0.9514300495368025,0.7284977991462995,0.9450239091103546,0.9203597801479056,0.1397901545236074,0.7325586167934853
UNet,nll,2,400,5,32,2,1,1,3,5,0.6329172641389924,0.836121492322874,0.7240178826430081,0.919788249147965,0.8555925592923702,0.7217400188748275,0.639060868620306,0.6655050195989585,0.8035854351669428,0.3463560870131424,0.8028219843429781
UNet,nll,2,400,5,32,2,1,1,0,4,0.7455467781214538,0.7398235259406876,0.917544065581468,0.6952693272905069,0.7935005264098877,0.9040173050867827,0.931544486478284,0.6069853471720238,0.7737820846634644,0.7959203885516196,0.9040660712118359
UNet,nll,2,400,5,32,2,1,1,3,2,0.7754135662871233,0.8669448716410613,0.5446181749807135,0.7345940117718519,0.7446762482725819,0.8951666863051881,0.9453057321712698,0.9024649045814866,0.887437355763805,0.9745438327871679,0.8030020195768204
UNet,nll,2,400,5,32,2,1,1,3,4,0.7463569714105078,0.7392304771835587,0.8911675659413907,0.7135138072797566,0.7977618061772203,0.9146576537166483,0.9342511781097433,0.6326156458742948,0.7848416338495243,0.7895256857419097,0.8986199061053265
UNet,nll,2,400,5,32,2,1,1,0,2,0.6689013087228034,0.8196062024556314,0.6134708203227028,0.5501126158200991,0.6846157261805024,0.7918645807262871,0.9344863053213649,0.8761452059310283,0.8841609435941868,0.9578836209326277,0.7402505020864054
UNet,nll,2,400,5,32,2,1,1,1,1,0.6427263593736645,0.8413590775955941,0.8620776565517854,0.8302192960043743,0.871318754667081,0.5855218098348937,0.8729057644885125,0.5084199246598334,0.728109329930634,0.7084241539399531,0.7128495605587117
UNet,nll,2,400,5,32,2,1,1,2,2,0.7709769171405509,0.8763531733464751,0.7170704113324945,0.6862020769516073,0.9268333528961841,0.9262198366959807,0.4390212098380255,0.9673958519272083,0.8209374548469943,0.8960269838871179,0.8927300295214456
UNet,nll,2,400,5,32,2,1,1,1,2,0.762726800527908,0.8454655741058674,0.6349992046898196,0.7521689192551474,0.7067094570990295,0.8844647532762124,0.9525993835992562,0.8751745524019938,0.8832360686776701,0.948799864951169,0.7786494319127336
UNet,nll,2,400,5,32,2,1,1,1,4,0.7374461152666582,0.7024669152169487,0.9031215653688829,0.6403958528340843,0.7630759848003937,0.9181786703285294,0.9417933337588599,0.7102680665591269,0.7421301142242052,0.7884793870456784,0.9049471153639558
UNet,nll,2,400,5,32,2,1,1,2,4,0.811102489083716,0.7577988671202782,0.675579231366276,0.7870369332489294,0.9378997378546826,0.9450537018645595,0.730131400547845,0.7750643011788947,0.7560034641870959,0.8318746411463513,0.9145826123222471
UNet,nll,2,400,5,32,2,1,1,2,3,0.7648032774757789,0.806509546155014,0.8684648928255535,0.956703214954411,0.8558889723427483,0.8237182858737927,0.7621439988133681,0.764763504488821,0.6454452142018559,0.8827667650080121,0.9270735942960686
UNet,nll,2,400,5,32,2,1,1,2,5,0.6971029971727399,0.8681086670149687,0.7950740660335164,0.9219567714785052,0.7990007756688345,0.6502466094527481,0.6768272906638323,0.7170839855901866,0.26957616029160686,0.7635145718860418,0.7792172339387661
UNet,nll,2,400,5,32,2,1,1,1,3,0.8364051802872838,0.9220207419539471,0.8369799611049298,0.7037596462025175,0.8641401939259435,0.9607007538103224,0.888176576884851,0.8496483200729924,0.8110830101609027,0.7418521059337945,0.7856904928226376
UNet,nll,2,400,5,32,2,1,1,1,5,0.5557720190917013,0.850361655816053,0.7738257773107801,0.8981329082703187,0.7714650107584237,0.5920666504049018,0.6397636532652129,0.7015862697757828,0.7705811065493289,0.3187998521718146,0.7917674624363248
SKU_Net,nll,2,400,5,32,2,1,1,4,4,0.8458653022006912,0.7836548125986507,0.7384424236566125,0.7716602817752911,0.953093711915302,0.9452997348807692,0.7922820886194322,0.8214896941714905,0.8136447073215124,0.9356881833974157,0.9033973836704355
SKU_Net,nll,2,400,5,32,2,1,1,4,2,0.7100126419192643,0.883903812986777,0.5692802867265438,0.803801108816562,0.9673078594920083,0.9172010117647593,0.5093757205678916,0.9721762263382896,0.7810170295748529,0.8646797860529694,0.9100395841664245
SKU_Net,nll,2,400,5,32,2,1,1,4,3,0.8712126336646697,0.7930267173094588,0.9214611765377618,0.9594791909914184,0.8734654158259887,0.8544689527838286,0.8106350254550717,0.8531899139368492,0.8037210575993292,0.9107272616540265,0.9319516245529638
SKU_Net,nll,2,400,5,32,2,1,1,4,1,0.8229885873545397,0.8753409636642939,0.8965811670804832,0.8710158175855501,0.8302677992526408,0.9574297412956504,0.7495477533335078,0.7128458627851165,0.9214022231673237,0.6690534901769559,0.7464010552038753
SKU_Net,nll,2,400,5,32,2,1,1,4,5,0.7055316575393533,0.8700756004569198,0.8660338539549297,0.9014899176413076,0.8076918130949899,0.66280968926884,0.7710480545059605,0.7494365884842948,0.3725219623203081,0.7724626050531171,0.6542684529331748
SK-SC-U_Net,nll,2,400,5,32,2,1,1,4,4,0.8351695632717181,0.7847848040483094,0.9416139488911122,0.6850496796938422,0.7855952374134967,0.9304456228058002,0.946580417028963,0.7208081658840277,0.8280233358336774,0.8164055452465346,0.9123888758714174
SK-SC-U_Net,nll,2,400,5,32,2,1,1,4,2,0.7891469794554457,0.8894994015378099,0.4797654101178407,0.7100474348964809,0.8020675150015801,0.8843055671283733,0.96776437654746,0.9104560926835086,0.9405477006931181,0.97799053926671,0.8087911667994164
SK-SC-U_Net,nll,2,400,5,32,2,1,1,4,1,0.8390210696157496,0.8664354168249465,0.9275475278307894,0.9486994769231032,0.7899358759311533,0.8099399106053267,0.934123265095021,0.8451908452707583,0.7494900021917852,0.7731740604054829,0.7456743150791308
SK-SC-U_Net,nll,2,400,5,32,2,1,1,4,5,0.7228906728805454,0.8622425258348356,0.8737975279438156,0.8926536544595687,0.799196913017717,0.7607508780704707,0.7635958798862222,0.7396620573569042,0.7701186782141182,0.33156967562572065,0.7668886140218032
SK-SC-U_Net,nll,2,400,5,32,2,1,1,4,3,0.8640525871293943,0.9220117767960151,0.8146651107853702,0.7508228635492515,0.9267707843915184,0.959379947517347,0.8899503014484073,0.8700472866041449,0.8750694410648736,0.8001771228935143,0.8316312362435008
AttU_Net,nll+ssim,2,400,5,32,2,1,1,4,2,0.7838815604610543,0.8958527964309437,0.53427308939228,0.8059188209084422,0.704717748232936,0.9037241474531207,0.9337326268132371,0.8854214743934489,0.9284113706165162,0.9670512039833911,0.8139854157785084
AttU_Net,nll+ssim,2,400,5,32,2,1,1,4,3,0.8463626061986471,0.9351057826086357,0.8171386843413876,0.6923764173879725,0.876186458353118,0.9598207458622521,0.9039403572894175,0.8670989620570956,0.8348856221998868,0.7907434383986586,0.7863295934880462
AttU_Net,nll+ssim,2,400,5,32,2,1,1,4,4,0.817078328393678,0.7752470390699782,0.9102507993487293,0.6951693036241958,0.7627810488399195,0.9432088807705264,0.9491671474799209,0.6553992630632932,0.7800281601283843,0.7894725226518358,0.9100591189599974
SKU_Net,nll+ssim,2,400,5,32,2,1,1,4,4,0.8512798948687227,0.7881376877013097,0.7168608213185506,0.8086109292982632,0.9564810050805175,0.9474374211379198,0.7711237682847205,0.8504257740432172,0.8253985454890207,0.941982490513358,0.9063405058203489
SKU_Net,nll+ssim,2,400,5,32,2,1,1,4,2,0.7846225892376157,0.885340830348133,0.6860943499666922,0.8025990437255384,0.970315175303823,0.9175724608111842,0.4585958583760972,0.978703025999065,0.8142997882828914,0.8893757070844608,0.9019255108543694
SKU_Net,nll+ssim,2,400,5,32,2,1,1,4,5,0.7010839906184811,0.768166330884493,0.833722294845636,0.8620258163982957,0.7396303454169004,0.819317291124935,0.7165397473805206,0.7617674460417648,0.36304350299403376,0.8076422041130508,0.7020284299792149
SKU_Net,nll+ssim,2,400,5,32,2,1,1,4,3,0.7805196225924153,0.6427453282945559,0.9172169414891859,0.957671586340707,0.8702437123928143,0.8621215823762082,0.7951508155535699,0.8199660068154873,0.8038316352136905,0.8463168589022483,0.9326770868402414
SKU_Net,nll+ssim,2,400,5,32,2,1,1,4,1,0.8295333030802359,0.8561249015388207,0.8552334556900271,0.8908641826341983,0.7251568386011178,0.9367906249831754,0.660345181865107,0.8919155595849781,0.8966110765943893,0.8762336866474635,0.706057522663081
AttU_Net,nll+ssim,2,400,5,32,2,1,1,4,5,0.638425783523233,0.826780115134124,0.8589789206882987,0.8976283090190379,0.7413245945565712,0.7762335913248156,0.7892639970769257,0.582255782276171,0.7761138241890764,0.331083915737743,0.7179344832434804
SKU_Net,nll,3,384,5,32,2,1,1,4,1,0.8491259977933481,0.7303277719988585,0.7348160100225952,0.9235484749327042,0.8139564487006459,0.8076938443051273,0.9224807973655375,0.8989550457221626,0.9484543052526045,0.8619012818398964
SKU_Net,nll,3,384,5,32,2,1,1,4,3,0.6672476846409549,0.9383581045589026,0.8341302185041202,0.8036681039360146,0.7206379763012787,0.8870427377034138,0.1690546876302129,0.9057296263722409,0.915662394392623,0.12443190918008883
SKU_Net,nll,3,384,5,32,2,1,1,4,2,0.9061818622841462,0.964759424284252,0.9376381483559496,0.883970776793635,0.8964397480207356,0.895286840804973,0.8698592993209581,0.951568265917044,0.8627020837820294,0.8934121732777403
SKU_Net,nll,3,384,5,32,2,1,1,4,4,0.8900468925238368,0.9167248022674946,0.8184016017654131,0.8263939850479359,0.9350216776232402,0.9266809821766473,0.932810151023424,0.7613398630567547,0.9462072404725527,0.9468417292810705
SKU_Net,nll,3,384,5,32,2,1,1,4,5,0.7905168668281175,0.9106383351618229,0.5683688246981259,0.8836265897051259,0.9434035369698504,0.9088362339600413,0.8916945759279512,0.8826537147381556,0.863593325921733,0.7823256890639355,0.8358692754332837,0.7930442582273936
SEU_Net,nll+ssim,2,400,5,32,2,1,1,4,4,0.7734528257709294,0.7948837432900324,0.9439197580074415,0.6410610052378998,0.7940383622916064,0.9414788524193024,0.9498300900514512,0.7527613084182567,0.8486626806392156,0.8076887897703345,0.9012646728216541
SEU_Net,nll+ssim,2,400,5,32,2,1,1,4,1,0.7699173304437942,0.8711284241533388,0.7427478569887881,0.9475838674302625,0.89553622007127,0.9335696119077762,0.9184459286066248,0.6418885694830436,0.7420641941518532,0.9055205873670553,0.7425766137609736
SEU_Net,nll+ssim,2,400,5,32,2,1,1,4,2,0.7845048646314765,0.8897114149546036,0.5756386193114097,0.7421825762290349,0.789573234867848,0.8894993372063026,0.9698881389511481,0.9091250811045849,0.8653606866046044,0.9730673113004394,0.8166408650961984
SEU_Net,nll+ssim,2,400,5,32,2,1,1,4,3,0.8541384095670355,0.9203986899790791,0.8354965636945424,0.6788585214834877,0.9207906235274664,0.9558645126025102,0.8971449023399178,0.8545103054888294,0.852793217404714,0.8127390743331743,0.812787684816634
AttU_Net,nll+ssim,2,400,5,32,2,1,1,4,1,0.6587804693475015,0.8925039184947982,0.9094352061516343,0.9105230608751615,0.8645724578258863,0.6467779356588962,0.9170991781348176,0.5882216284299074,0.6640931357016513,0.7208558876939876,0.708721848597078
MHU_Net,nll,2,400,5,32,2,1,1,2,4,0.8114413213191483,0.7445085575692707,0.691404586652375,0.7979595559916365,0.9178595152132564,0.943267942735811,0.674697222346758,0.7810796527711094,0.7372071935097024,0.9133559386773554,0.9130730477242082
MHU_Net,nll,2,400,5,32,2,1,1,2,2,0.7746639521267599,0.8820448022838565,0.791463583382344,0.7031797135592778,0.9462651332152204,0.9210732586782985,0.3898316893869876,0.975490930419804,0.7789949196229402,0.8629395923470656,0.8851875877587919
MHU_Net,nll,2,400,5,32,2,1,1,2,1,0.6804423701184962,0.8685524499414373,0.8704246864569697,0.894207423875855,0.6293850464493281,0.936624017242323,0.6750029147291539,0.9247696328897471,0.9145868255904954,0.24081012369479424,0.7202557504589805
MHU_Net,nll,2,400,5,32,2,1,1,2,5,0.6328439966692756,0.8710198990096307,0.8275578001389848,0.9045521754423481,0.7709101910580313,0.6325899793280455,0.6632225060509209,0.7268396274106366,0.28904288801653494,0.751053588043248,0.8132841795389562
MHU_Net,nll,2,400,5,32,2,1,1,2,3,0.7567998167170316,0.8175882718341979,0.8539453310919983,0.9624894268974915,0.8279417855562846,0.7997206662106876,0.734251211993056,0.7596566194643266,0.6164311086674813,0.8883466394036439,0.9240582147186304
SEU_Net,nll+ssim,2,400,5,32,2,1,1,1,5,0.7342844519550915,0.8639214348951054,0.9037158783379635,0.865521286485529,0.8448453138372654,0.7421555210170053,0.7846394110801779,0.7453469251834356,0.8403159994681273,0.25025046981309407,0.7523827492463065
MHU_Net,nll,2,400,5,32,2,1,1,3,2,0.7803674041637693,0.8652158564742805,0.5698911060764437,0.7813357185391969,0.7091900300981309,0.8947528086257921,0.9622545540138207,0.9026319676005192,0.9208614797501494,0.9764950353007112,0.7909365912350913
MHU_Net,nll,2,400,5,32,2,1,1,3,3,0.8321730039620249,0.9242103149565947,0.8036176842868815,0.7007056081814576,0.8577736783087057,0.9597625165880722,0.892968863962403,0.8666178666505033,0.7904512558467487,0.7632258697265375,0.7623963811123443
MHU_Net,nll,2,400,5,32,2,1,1,3,5,0.6199153351390561,0.8244550953477588,0.8036946253241133,0.9123972410982285,0.8174397280074127,0.7349400252703361,0.7034723461631274,0.6793308767867612,0.7234234133928223,0.3531932202977331,0.633674053800913
MHU_Net,nll,2,400,5,32,2,1,1,3,1,0.7173450161224604,0.8562112550878,0.8764526699111926,0.908333701512688,0.736645046652157,0.6246746890755744,0.9124688879033552,0.7177096446663003,0.7026225652703482,0.7692669021896954,0.6937394880310687
MHU_Net,nll,2,400,5,32,2,1,1,3,4,0.8199908088311509,0.7341783566940554,0.9166586168934814,0.6970416726757399,0.8151009675164173,0.8982166369875318,0.9392967898272843,0.7199230111783357,0.7888129807743552,0.7832921797968407,0.9073868759674686
SEU_Net,nll,3,384,5,32,2,1,1,1,1,0.8300732808010645,0.7731264481306761,0.7728076327756314,0.9173279099473889,0.7130302810270728,0.9269334934556499,0.8083907061667853,0.7731031144344621,0.9233928963839079,0.8625470448880063
SEU_Net,nll,3,384,5,32,2,1,1,1,3,0.6757915615278735,0.8956668823716842,0.4573334778234506,0.9168583538379889,0.850292150895557,0.7760534860638576,0.8444324248098593,0.8955413555411841,0.90327940023073,0.05625306011503589
SEU_Net,nll,3,384,5,32,2,1,1,1,2,0.9072854662837846,0.9328226045130025,0.9308836038237721,0.8986307740097431,0.9004409151640728,0.9436105564334637,0.8683037582523158,0.85642349681488,0.9558933280257745,0.8785601595170365
SEU_Net,nll,3,384,5,32,2,1,1,1,4,0.8806946971628071,0.9139132965278357,0.9234091272269698,0.6849736061816356,0.8238720718335231,0.8054450395469592,0.9299025835053297,0.9570045229161722,0.9469229684146243,0.9408090583122147
SEU_Net,nll,3,384,5,32,2,1,1,1,5,0.8614501834494298,0.9171133935279031,0.7495869488245513,0.9281438043995492,0.9454842631361406,0.8990396466669973,0.8260528788374062,0.9175856531735688,0.7911305761225494,0.8775160435036135,0.8611121777016565,0.7631866320497919
MHU_Net,nll,2,400,5,32,2,1,1,4,4,0.7963229621351067,0.74432889040386,0.6809339359977568,0.7687013350106369,0.8929153127922221,0.9331570048572729,0.669925225554912,0.7619149264155919,0.6924218569044606,0.9112758043916213,0.9076553290227317
MHU_Net,nll,2,400,5,32,2,1,1,4,2,0.7738559906477194,0.8654364854080343,0.730224575610403,0.7564237495953622,0.9269601583207363,0.9210364298047291,0.6014234109237507,0.9671617766024928,0.7883219395299609,0.892683142346976,0.8903116492584991
MHU_Net,nll,2,400,5,32,2,1,1,4,3,0.8250066170102525,0.7981939584446294,0.8514318832268374,0.9559176739075601,0.782469792033503,0.8418422302783639,0.6850489373785595,0.779352382780143,0.7542949732560866,0.8789429577962579,0.9225713810005852
MHU_Net,nll,2,400,5,32,2,1,1,4,1,0.6551506370881135,0.8595829789944566,0.8344149438390369,0.7724033606174336,0.6350511217165858,0.9073408545320671,0.7270951530530496,0.8351591612395689,0.9052844316333263,0.35192823324266587,0.7102254869721952
MHU_Net,nll,2,400,5,32,2,1,1,4,5,0.6129561529801705,0.8267361186492526,0.7301956823806597,0.8885767337186203,0.7875197936667839,0.7739456250830964,0.6512429735448607,0.6496591839910948,0.35943757881134725,0.7316565377357439,0.7396880650226868
UNet,nll,3,384,5,32,2,1,1,1,1,0.8166627746579538,0.6790664414001819,0.7254182786511856,0.8956587924921695,0.7475279084484774,0.7262802131358125,0.9300438087946313,0.8761082050855341,0.9496280452266129,0.8202332786869793
UNet,nll,3,384,5,32,2,1,1,1,3,0.6594261822908878,0.9470092640140849,0.7768880176618352,0.6653785254921355,0.8459986438692041,0.8868090507915963,0.6459758676439334,0.9174399629015464,0.8953121758875874,0.047238269957545896
UNet,nll,3,384,5,32,2,1,1,1,2,0.8912396150709117,0.9431669334442018,0.8814610949041938,0.9193132784195427,0.8312303895275525,0.795118733959938,0.8630627630439562,0.932717349150384,0.946063321394671,0.9090226717937662
UNet,nll,3,384,5,32,2,1,1,1,4,0.7887054515190939,0.8585144893376665,0.7780805486524051,0.8547509560493344,0.9374674837253439,0.9028242731562335,0.919464038056552,0.6018556474209715,0.9367356442933501,0.9105116304009595
UNet,nll,3,384,5,32,2,1,1,1,5,0.8498691241034418,0.8990264801945071,0.8073431091140801,0.9101342034966984,0.9350595756339245,0.9062587092065713,0.8948877522182572,0.8666364792101111,0.7660581779017354,0.8205037409631736,0.8322625700317683,0.7103895671670318
BAMU_Net,nll+ssim,2,400,5,32,2,1,1,1,4,0.851049158064758,0.7831969824467818,0.9281430450577423,0.7698154026837551,0.8075612005439827,0.9704696969741362,0.9477961061233184,0.7393208562820891,0.8469164581788221,0.8175250776724681,0.8997467546844834
BAMU_Net,nll+ssim,2,400,5,32,2,1,1,1,1,0.8647884013287968,0.8740532303489602,0.8823398432251822,0.9526016555247965,0.8908772378451397,0.8846916596975288,0.9249622631712082,0.802947318112807,0.7718564837729864,0.9300938672909931,0.7334604542983655
BAMU_Net,nll+ssim,2,400,5,32,2,1,1,1,2,0.7102037781563809,0.8807161754292393,0.5424273860315098,0.6480285197739148,0.7191510878874383,0.8810043423858094,0.9725923687361785,0.8995665832602696,0.9423719604210028,0.9765024024897806,0.8301328609540898
BAMU_Net,nll+ssim,2,400,5,32,2,1,1,1,3,0.8672885190484247,0.9211181789412557,0.8726614642254795,0.7874640341832392,0.9119677807328941,0.9595536613310721,0.8883712919583855,0.8450680295622249,0.8577222284985705,0.7793694855029268,0.8495890355481991
BAMU_Net,nll+ssim,2,400,5,32,2,1,1,1,5,0.7164547507650536,0.8520163784353572,0.8812041248630141,0.9058051780359448,0.6723064236875909,0.7283115024699354,0.7850464235667668,0.7357896835852905,0.8100053311656168,0.25579225625868185,0.7940624618410193
MHU_Net,nll,3,384,5,32,2,1,1,3,1,0.8116654515347297,0.7007907653842466,0.7303261035944861,0.8377657357221435,0.860900403806229,0.9397150484233776,0.7556114296846796,0.732415336107943,0.9247831437394757,0.8226810973499858
MHU_Net,nll,3,384,5,32,2,1,1,3,2,0.8982557718877364,0.9309305705922364,0.9320922877066832,0.8637995836573784,0.8976548722029121,0.9555082812423754,0.7873020624550835,0.8578921561488652,0.9444816111313608,0.9146405218527339
MHU_Net,nll+ssim,2,400,5,32,2,1,1,3,4,0.7515129505661158,0.760214890182839,0.6108768285977457,0.7926070647960374,0.9143011424520512,0.9435521797723012,0.7394792050200124,0.7585804370543412,0.7852321340249767,0.9054005693553848,0.9157618830032135
MHU_Net,nll+ssim,2,400,5,32,2,1,1,3,2,0.6856323067940893,0.8741018978833941,0.7198559935291146,0.5965733717276751,0.9046362965957859,0.9137244664551019,0.5362425143354633,0.9422660533322409,0.7685931197202233,0.8460181116619194,0.8871271287631116
MHU_Net,nll+ssim,2,400,5,32,2,1,1,3,5,0.6971745184518897,0.8138232416122733,0.7822361956409138,0.9045099474865982,0.826224082223491,0.780974930729885,0.7313517673100794,0.7093857672394561,0.3468476300312665,0.7607230603948056,0.6625161918813952
MHU_Net,nll+ssim,2,400,5,32,2,1,1,3,3,0.8345051704162231,0.7993336595893462,0.8657783979315511,0.9579419692178722,0.8447395756041194,0.8148101563782392,0.7401755281282607,0.7873963322690656,0.7243573169552056,0.8858314126700937,0.924687355418477
MHU_Net,nll+ssim,2,400,5,32,2,1,1,3,1,0.7399600480471664,0.8707874890722914,0.8596408555072999,0.8389675909359364,0.7537808798395886,0.9305543328126155,0.658010347020774,0.8845033641778876,0.9022188115286811,0.25559383193616414,0.7011368095765906
MHU_Net,nll,3,384,5,32,2,1,1,3,3,0.6576797407303986,0.8683639904445445,0.22501396133547602,0.9235469020999079,0.7606838160129156,0.7272975452893217,0.8228859067325472,0.9073755452575705,0.9089639607367798,0.06634342764222044
MHU_Net,nll,3,384,5,32,2,1,1,3,4,0.7963783799001248,0.8813169176817591,0.9019891779645693,0.6025236593005632,0.7788730706031645,0.8817122565443536,0.9188418096020593,0.9351186612542601,0.937481703177136,0.9320718222738208
MHU_Net,nll,3,384,5,32,2,1,1,3,5,0.8383453232544444,0.914529652600192,0.6583614746886717,0.9090152958764225,0.9363263167474475,0.8902868042961225,0.8090704207823641,0.8967437180635742,0.7791285864768621,0.8802568116541476,0.7633636060904236,0.7847158685226625
MHU_Net,nll+ssim,3,384,5,32,2,1,1,3,1,0.8086656112206617,0.7594573951904805,0.7221555330349071,0.8664542798893393,0.8292294083473666,0.942278587845425,0.7389107613635877,0.7344404192515032,0.9107761734894878,0.7742879425738594
MHU_Net,nll+ssim,3,384,5,32,2,1,1,3,2,0.9016006289522416,0.9471232223007963,0.9189601913492477,0.9071840328832697,0.9027531097830714,0.9506907233991666,0.807964752561075,0.8399499030200298,0.9437263790349019,0.8960533462386147
CBAMU_Net,nll,3,384,5,32,2,1,1,1,1,0.8444900041075576,0.7356558887834633,0.7303130559686652,0.9421609378343012,0.8419895710065293,0.7575593262868737,0.9237683775563174,0.8702133861643649,0.9427451681751293,0.8560043251923727
CBAMU_Net,nll,3,384,5,32,2,1,1,1,3,0.6723010359621733,0.9419194954413874,0.8563712296032849,0.8058071773001777,0.7761937612853573,0.8838576109728618,0.34321977541671445,0.882220024136987,0.9043400249195037,0.09313476391264798
CBAMU_Net,nll,3,384,5,32,2,1,1,1,2,0.9163785573169725,0.9622864575863435,0.9219487213499578,0.9021637924437413,0.8877034834324313,0.8593312529488984,0.8984559538910705,0.9481237200563121,0.9546545662587713,0.9127390678852273
CBAMU_Net,nll,3,384,5,32,2,1,1,1,4,0.866945845866378,0.8989455958717748,0.8119279244131271,0.8856239798134804,0.9514428360454261,0.9192914554365873,0.8063378138922361,0.6603959242246541,0.9379390216059407,0.9306080614941744
CBAMU_Net,nll,3,384,5,32,2,1,1,1,5,0.8498495169531541,0.9158676716181793,0.6581096960043321,0.9097163342925196,0.9451142079057933,0.9105576590109897,0.8848912255917417,0.8816587325017724,0.815290951877864,0.8160910524957461,0.8349657502453495,0.7760814049404102
MHU_Net,nll+ssim,3,384,5,32,2,1,1,3,3,0.7146601232680191,0.8550505712135447,0.7562081495983255,0.9256332166871392,0.7520647536920093,0.6871828816293717,0.6961703566602068,0.873117012662506,0.8865141672690683,0.0928455401774498
MHU_Net,nll+ssim,3,384,5,32,2,1,1,3,4,0.874048354671877,0.8705090939924078,0.9205762550717344,0.6854315691422703,0.7914498526558393,0.8457396010866056,0.9281411615708026,0.9395922255434983,0.9541159237241037,0.9308795092596328
MHU_Net,nll+ssim,3,384,5,32,2,1,1,3,5,0.7815981031602494,0.9139705907965321,0.6075262505375771,0.9226345735603405,0.9403987488291317,0.899039205311509,0.8074221721963082,0.9093925236828769,0.7403216849513626,0.8982635407037256,0.8281054693904227,0.7380306253405339
BAMU_Net,nll,3,384,5,32,2,1,1,1,1,0.8463269789873714,0.7236568820302214,0.725594360876427,0.9250306649734354,0.880422811732906,0.9508672635829107,0.8135295560137223,0.8079840640417515,0.9194538095292758,0.8704033981056932
BAMU_Net,nll,3,384,5,32,2,1,1,1,2,0.9124425974325534,0.9379682639180115,0.9234396144273708,0.8838359186927729,0.912164140870799,0.9463065025118819,0.834804667680395,0.8955390319459045,0.950007168259382,0.9279180685864634
BAMU_Net,nll,3,384,5,32,2,1,1,1,3,0.6500697909150052,0.8596205876436552,0.13792814303444026,0.9401937261164482,0.7945149642380428,0.7504398391423981,0.7182213887215005,0.893083282474827,0.8945543298981739,0.15711334209465128
BAMU_Net,nll,3,384,5,32,2,1,1,1,4,0.895196020955634,0.9123324227470201,0.9210410138130065,0.7428090716241494,0.864752326407832,0.8521770315090882,0.9353601539866904,0.9423570380716223,0.9462280849180926,0.9397070455232036
BAMU_Net,nll,3,384,5,32,2,1,1,1,5,0.8567414043542542,0.897684415349968,0.7437954015433645,0.9274659755596566,0.9260956725140942,0.9084619620616776,0.8409926111993292,0.9098622479528936,0.8038539382296069,0.903253528468917,0.730220775683494,0.8324689193337946
CBAMU_Net,nll+ssim,2,400,5,32,2,1,1,1,1,0.7415852606711881,0.8287098571053019,0.8536854399165951,0.7943130161646453,0.6267930634450832,0.938928862528525,0.7034103712182864,0.8518545244618133,0.8866776125535042,0.8191295908941788,0.7391433318690316
CBAMU_Net,nll+ssim,2,400,5,32,2,1,1,1,2,0.0,0.0,0.0,0.0,0.0,0.0,0.0,0.0,0.0,0.0,0.0
CBAMU_Net,nll+ssim,2,400,5,32,2,1,1,1,3,0.7674885404269963,0.7776180436678928,0.8963191138132767,0.9549201385116561,0.7703793316983788,0.8283078377440736,0.7984151218285532,0.8258325113972579,0.6313787888483187,0.8872667657136385,0.9358265398952355
CBAMU_Net,nll+ssim,2,400,5,32,2,1,1,1,4,0.8361353007382624,0.781942222167052,0.7319100377056166,0.7836204876925642,0.9501815206655982,0.9508120519478543,0.6754964543388092,0.8627267530875554,0.799631961573751,0.9253960930949741,0.8996354251088486
AttU_Net,nll,3,384,5,32,2,1,1,1,1,0.810012862352401,0.7838634438184318,0.742319866923258,0.8278744271714393,0.7560336082402364,0.7899789004030512,0.8926694171698843,0.7689011737894493,0.9366990587241822,0.7917758649316767
AttU_Net,nll,3,384,5,32,2,1,1,1,2,0.9012595459662222,0.9457150522686748,0.9221784382670598,0.8990490329805284,0.8969991926538714,0.8092422251414088,0.8588939078619994,0.9452791784402541,0.9446515809528359,0.8893273051293678
AttU_Net,nll,3,384,5,32,2,1,1,1,3,0.6403176555074351,0.9036931141795033,0.7807500703303459,0.6966982750422863,0.7621475007720039,0.8475265661984526,0.27132336726756007,0.874860232592994,0.8971831404513305,0.08209670053109701
AttU_Net,nll,3,384,5,32,2,1,1,1,4,0.7907370226750009,0.8894516314122508,0.7732329387473386,0.8416630021210998,0.9444947413557646,0.9059421782569432,0.9103579219781037,0.5815699064963552,0.9237585978089614,0.9277321923945459
AttU_Net,nll,3,384,5,32,2,1,1,1,5,0.849461604127909,0.9128789385184909,0.6554553742428515,0.9295397955439202,0.934225907482511,0.89856685897877,0.8983462439069874,0.8894233530443274,0.842437764853834,0.7909163390637847,0.797751788088802,0.7945352816827209
SCU_Net,nll,2,400,5,32,2,1,1,1,4,0.6743803226503176,0.7068579734641236,0.9215384193280456,0.6452449414152681,0.7856454361311537,0.910708921756184,0.9371605674745584,0.6164341533897029,0.8069543509251912,0.7630084675405754,0.911929089883343
SCU_Net,nll,2,400,5,32,2,1,1,1,2,0.7777089816772271,0.871941779019301,0.5086161703220697,0.731454518527985,0.7253653106965519,0.8889754749439365,0.9620656856706257,0.9019954054112327,0.91541269776119,0.9728073518936251,0.8070715928478239
SCU_Net,nll,2,400,5,32,2,1,1,1,3,0.8338251965997973,0.9240095982012386,0.7242181353008176,0.7770796426328698,0.8725170061692743,0.9550557873265867,0.8917053483759908,0.8174167909526479,0.8188350322314671,0.7540221907160645,0.8033924340910157
SCU_Net,nll,2,400,5,32,2,1,1,1,1,0.6716607202305035,0.8334279800639648,0.8664481474640873,0.9151645765250717,0.8510136503318422,0.6162410893047874,0.9099326567632873,0.3311732120383588,0.7013718873135717,0.9199764816655338,0.7192718221776759
SCU_Net,nll,2,400,5,32,2,1,1,1,5,0.6947908799601107,0.8323288879300396,0.833773945005447,0.9005506468191868,0.7712870257704821,0.6772644512821877,0.6921265619184458,0.6696405978014768,0.7894178955512418,0.30359152985684534,0.7815187875225992
UNet,nll,3,384,5,32,2,1,1,1,1,0.8155317108892777,0.7081145498999372,0.7172504223334307,0.8750686328592212,0.8570508190555985,0.9412652541405938,0.7380640466568802,0.7397521398502224,0.9197321626729135,0.8434873705347011
UNet,nll,3,384,5,32,2,1,1,1,3,0.7518851945803119,0.8861331113161538,0.7625675338024023,0.9403311369301943,0.8015864717918371,0.7061936845903503,0.8620952691367717,0.9101373113150997,0.8979222323399971,0.04843754378641208
UNet,nll,3,384,5,32,2,1,1,1,2,0.9011116336618614,0.9496199884821155,0.9164482286885448,0.8878004194804172,0.886220458126492,0.9364880580572479,0.8265778413342093,0.8538364512327227,0.936812609491757,0.916200648063245
UNet,nll,3,384,5,32,2,1,1,1,4,0.7913530027498137,0.8685214686868611,0.9013767870925284,0.5927268791547818,0.7933045946289581,0.847748669384326,0.9216109041588096,0.9247737816674222,0.9348623911556544,0.9299784279737636
UNet,nll,3,384,5,32,2,1,1,1,5,0.8405657270311141,0.9090688286578306,0.6835033460785545,0.9161112670832,0.9372280032743123,0.9146039046327106,0.767213892431371,0.9010466238969245,0.7785096924123764,0.8927499743675806,0.8591194032790085,0.687068061228385
SCU_Net,nll,3,384,5,32,2,1,1,1,1,0.8238269755333808,0.6882701955913664,0.7101470557065039,0.9091442685597448,0.7755884113933241,0.7671957210491038,0.9283638709640728,0.8761308690477405,0.9450367184010967,0.8145656690874746
SCU_Net,nll,3,384,5,32,2,1,1,1,2,0.902836179032707,0.9523872072688127,0.9188587170183906,0.8928757672356222,0.8416199667625429,0.8850781198109403,0.8568322945739042,0.9295860107714746,0.941740602866142,0.9065469249865328
SCU_Net,nll,3,384,5,32,2,1,1,1,3,0.7379756273575044,0.9479490681577434,0.7735185508447762,0.6870263187646416,0.8738806500310966,0.8780129651512086,0.6793420789696537,0.9032243661623662,0.898826648136053,0.04941911254306924
SCU_Net,nll,3,384,5,32,2,1,1,1,4,0.7890203439183661,0.8895364423617117,0.7622843878808269,0.8521971513621246,0.9266083454614495,0.9104169795342764,0.9045772289570962,0.6424891941436982,0.9425688528916744,0.912993706816136
SCU_Net,nll,3,384,5,32,2,1,1,1,5,0.7228536397708534,0.9083688737515544,0.6000296704422571,0.9250607720339004,0.9386318806962349,0.908321882220261,0.8991885611960967,0.8891160172801585,0.8778573590460557,0.7718286026473028,0.8330160886078232,0.5405149870326988
SSU_Net,nll,3,384,5,32,2,1,1,3,1,0.8340955338191155,0.6919784780953682,0.7123474797284984,0.9416826706263203,0.7890846417763474,0.7798757240868366,0.9227420928593134,0.8876742917966883,0.9432844739975822,0.8381899514050847
SSU_Net,nll,3,384,5,32,2,1,1,3,3,0.64325511756628,0.9009682393508373,0.8052127705832819,0.7241481654053519,0.7966159861031993,0.8455292891594234,0.30153286891396075,0.836082926421041,0.8807386810733855,0.11838213561131689
SSU_Net,nll,3,384,5,32,2,1,1,3,2,0.904703018766039,0.9440229604089214,0.929094926921266,0.9061350040928097,0.9017287059758198,0.8185749025213225,0.8598877167781918,0.947036413909356,0.9505182478848136,0.8853282904018487
SSU_Net,nll,3,384,5,32,2,1,1,3,4,0.8064842554453509,0.9228706986858713,0.8118499977883199,0.8603560634472719,0.9378834018733587,0.9189425488528783,0.9260793113504429,0.6276627021192244,0.9507076191864702,0.9296686578235442
SSU_Net,nll,3,384,5,32,2,1,1,3,5,0.8701460919641064,0.929800728635287,0.7481537905283856,0.9336360537279158,0.9336852012963931,0.9131146172750854,0.9046568711000369,0.8961141149934654,0.8853509686534531,0.808579228047796,0.8116102460664149,0.806905191280938
SSU_Net,nll,2,400,5,32,2,1,1,3,4,0.8309617838222486,0.7797314199555764,0.9392299839662264,0.6725994867247966,0.7696824807330747,0.9409111577552086,0.9456993156577557,0.7340599548272978,0.8063350406104652,0.8162803371742081,0.9050886608178784
SSU_Net,nll,2,400,5,32,2,1,1,3,2,0.6340402561848371,0.885895870973421,0.469646269480504,0.6215213358031413,0.6264975597154245,0.8575521247794704,0.9681508492112229,0.8991441135418239,0.9291713397240228,0.9776276172609452,0.822860646357465
SSU_Net,nll,2,400,5,32,2,1,1,3,3,0.8575562403412327,0.9274308509555416,0.8497544906324529,0.7179868109946137,0.9158676855081131,0.9606153207286726,0.8848056004026518,0.8672588159033671,0.8483997186710085,0.770943622709384,0.8324994869065228
SSU_Net,nll,2,400,5,32,2,1,1,3,5,0.7081284191721012,0.8081481150999725,0.8809536485890268,0.8817309596580459,0.7997088829098548,0.8415492617391711,0.7402246081029497,0.7010513826998939,0.7718784781873644,0.26214776901165865,0.6560388547347331
SSU_Net,nll,2,400,5,32,2,1,1,3,1,0.8488727478948753,0.8744099220610355,0.9111218289511164,0.9503026080186151,0.8656570585076796,0.8589155254458892,0.9063044448915423,0.7196156805742479,0.7496118138425638,0.9218471302886594,0.7309414663674055
SSU_Net,nll,2,400,5,32,2,1,1,2,1,0.8297541635577307,0.8696868257922354,0.910687736577289,0.8068631422785733,0.7407059138917329,0.9565275112801851,0.7557717678496682,0.7753289033465186,0.8946763523140099,0.8516973355033098,0.7355961467437844
SSU_Net,nll,2,400,5,32,2,1,1,2,2,0.7007196784764409,0.8642631351852702,0.7158387252397458,0.6048127058170417,0.9586358667639114,0.9347442548063847,0.5480674555196134,0.920394698459737,0.8507168030274833,0.8648917621534525,0.8977115391284239
SSU_Net,nll,2,400,5,32,2,1,1,2,3,0.8516697890215543,0.7886054988430935,0.9192693339888274,0.9588804453823319,0.8628990654736244,0.8544138223209264,0.7360910886783069,0.8295314213829085,0.7504002167860561,0.8879380768696876,0.9286689204897806
SSU_Net,nll,2,400,5,32,2,1,1,2,4,0.8350009856775567,0.7868492063563159,0.6962973023064334,0.7799003322236723,0.9332184424172654,0.9445899425654644,0.7044161754047222,0.8364749720972496,0.8199457049361127,0.9406258331913732,0.9076919452769565
SSU_Net,nll,2,400,5,32,2,1,1,2,5,0.6363107930799228,0.8019691812838938,0.8624481137828226,0.9044352522085858,0.8017715663946093,0.7522256827481205,0.7489494873878053,0.7327294668760505,0.4352391234529148,0.7585791801173398,0.5990469308265478
SSU_Net,nll,3,384,5,32,2,1,1,2,1,0.8231099273848606,0.7675166870615795,0.6840753369383769,0.936663824237657,0.8689548556025188,0.928748215134925,0.8070144987766683,0.661581578144137,0.9111792978543284,0.8422550527135532
SSU_Net,nll,3,384,5,32,2,1,1,2,2,0.9011854052170489,0.9541724060759913,0.9227070456716533,0.8872837792742976,0.8830655529541885,0.951159192257117,0.8191411433718242,0.8541778538089114,0.945431757789383,0.8935299157500738
SSU_Net,nll,3,384,5,32,2,1,1,2,3,0.7529893162287011,0.8944157382610805,0.7857182020749166,0.9426586528559674,0.8006337205235514,0.6567477248445105,0.8900522183650323,0.9018759660399777,0.904801623093274,0.048238312631007425
SSU_Net,nll,3,384,5,32,2,1,1,2,4,0.8104642194702923,0.9217470858105363,0.9227775221401526,0.6024022319893848,0.8119017799344944,0.8876906180023829,0.9258432281042689,0.9402982835272006,0.9469826639266393,0.9369367937869565
SSU_Net,nll,3,384,5,32,2,1,1,2,5,0.8605681094873348,0.9207695593260631,0.6748319122976539,0.9317998524727021,0.9428145005379819,0.8849175086808725,0.8264045740107789,0.9031759983913389,0.7847089714548442,0.8873258904655124,0.8872001947962301,0.8223002419267038
SSU_Net,nll+ssim,3,384,5,32,2,1,1,2,1,0.8289926293198253,0.7911339250279515,0.7362086460194254,0.8659225672349083,0.7610123742965674,0.7776783214312136,0.9164012498598783,0.8438170947775331,0.9308204671809013,0.8379390180500484
SSU_Net,nll+ssim,3,384,5,32,2,1,1,2,2,0.8978608452523841,0.9560116232120037,0.9320438646114351,0.8910733346983164,0.8653115204575369,0.8318355052998438,0.8562753396441709,0.93507277597709,0.9427015831409475,0.8704220602301123
SSU_Net,nll+ssim,3,384,5,32,2,1,1,2,3,0.7493469568319417,0.9342916952856722,0.7757474718518763,0.7730292603186552,0.8264576072187928,0.8884172135810298,0.7750450209042918,0.8814128730666891,0.8897214692604681,0.05627632579863851
SSU_Net,nll+ssim,3,384,5,32,2,1,1,2,4,0.8820688419248579,0.9155589987512663,0.7802902890817759,0.8260649461724968,0.9398982644651375,0.9255126388260217,0.9358437512077904,0.7315445646939379,0.9491461433557048,0.9347599807695895
SSU_Net,nll+ssim,3,384,5,32,2,1,1,2,5,0.8530227858457887,0.9223417999913024,0.7311935815027143,0.9289118970770898,0.9490124093770212,0.8969191649386552,0.9001016024169635,0.8835036063258861,0.8291422132856537,0.7766647279499862,0.7882194364747747,0.7772402049636292
SSU_Net,nll+ssim,2,400,5,32,2,1,1,2,1,0.8438212708427889,0.8770402665101025,0.9356077714248325,0.9610344716459494,0.8847546179512144,0.8661184800738684,0.8785437518956123,0.7591781368404646,0.740750637919,0.7952485305387201,0.7399360436281252
SSU_Net,nll+ssim,2,400,5,32,2,1,1,2,2,0.7905846509989709,0.8838251554301573,0.4681153472222984,0.7146090283655749,0.7687271279969728,0.899447975943812,0.9675559158017789,0.9110312147458975,0.9325977453223406,0.9705106611961992,0.8575416851869768
SSU_Net,nll+ssim,2,400,5,32,2,1,1,2,3,0.8664412325767602,0.9307836119037423,0.8525707126866899,0.7945820703387542,0.917094518433974,0.956974042169657,0.8885764042189792,0.8832514552279137,0.8249662687577505,0.790457834001755,0.8251554080283873
SSU_Net,nll+ssim,2,400,5,32,2,1,1,2,4,0.7672013945986553,0.7493748562142301,0.939628338707008,0.7077508321430256,0.7992812699265204,0.9561439816762485,0.9518042586130442,0.5870829587640437,0.8317147066736399,0.8326614344751052,0.9036542675577323
SSU_Net,nll+ssim,2,400,5,32,2,1,1,2,5,0.7262739427235868,0.7752156639242943,0.8364845833859048,0.9137881320643926,0.8060093144173945,0.8476085831382283,0.7767858464719004,0.6944093972636582,0.8066940627490335,0.38240517828743475,0.8057438438210596
